0,-1.148
10,-0.80359999999999987
20,-0.40179999999999994
30,0.1148
40,0.80359999999999987
50,1.722
60,2.0664000000000002
70,1.7793999999999999
80,1.5498
90,1.2054
100,1.148
110,1.2054
120,1.0906
130,1.2054
140,1.3776
150,1.4924000000000002
160,1.5498
170,1.5498
180,1.5498
190,1.4924000000000002
200,1.5498
210,1.6071999999999997
220,1.7793999999999999
230,1.722
240,1.722
250,1.722
260,1.7793999999999999
270,1.8942
280,2.0664000000000002
290,1.8368
300,1.8942
310,1.8942
320,1.7793999999999999
330,1.8368
340,1.8368
350,1.6071999999999997
360,1.9516
370,2.0090000000000003
380,1.722
390,1.8368
400,1.9516
410,1.8942
420,1.7793999999999999
430,1.9516
440,1.8942
450,1.722
460,1.8942
470,2.0664000000000002
480,1.7793999999999999
490,1.7793999999999999
500,1.6645999999999999
510,1.6645999999999999
520,1.6071999999999997
530,1.6645999999999999
540,1.722
550,1.8368
560,1.6071999999999997
570,1.6645999999999999
580,1.6071999999999997
590,1.722
600,1.6071999999999997
610,1.6645999999999999
620,1.5498
630,1.6645999999999999
640,1.722
650,1.8368
660,1.6645999999999999
670,1.6071999999999997
680,1.722
690,1.722
700,1.6071999999999997
710,1.722
720,1.5498
730,1.8368
740,1.722
750,1.722
760,1.6071999999999997
770,1.6645999999999999
780,1.722
790,1.722
800,1.6071999999999997
810,1.722
820,1.722
830,1.722
840,1.722
850,1.722
860,1.6645999999999999
870,1.6645999999999999
880,1.722
890,1.722
900,1.5498
910,1.722
920,1.6071999999999997
930,1.8368
940,1.6645999999999999
950,1.8368
960,1.6071999999999997
970,1.6645999999999999
980,1.6071999999999997
990,1.722
1000,1.6071999999999997
1010,1.722
1020,1.5498
1030,1.6645999999999999
1040,1.5498
1050,1.435
1060,1.3776
1070,1.2628000000000001
1080,1.3776
1090,1.3776
1100,1.148
1110,1.2628000000000001
1120,1.3202
1130,1.148
1140,1.2628000000000001
1150,1.2054
1160,1.148
1170,1.2054
1180,1.0332000000000001
1190,0.861
1200,0.74620000000000009
1210,0.80359999999999987
1220,0.6888
1230,0.74620000000000009
1240,0.80359999999999987
1250,0.861
1260,0.63140000000000007
1270,0.6888
1280,0.80359999999999987
1290,0.80359999999999987
1300,0.6888
1310,0.80359999999999987
1320,0.80359999999999987
1330,0.80359999999999987
1340,0.80359999999999987
1350,0.9184
1360,0.63140000000000007
1370,0.74620000000000009
1380,0.74620000000000009
1390,0.6888
1400,0.6888
1410,1.0332000000000001
1420,0.80359999999999987
1430,0.80359999999999987
1440,0.9184
1450,0.74620000000000009
1460,0.80359999999999987
1470,1.2054
1480,1.2628000000000001
1490,1.148
1500,0.9184
1510,0.6888
1520,0.6888
1530,0.861
1540,0.9758
1550,1.0332000000000001
1560,1.0332000000000001
1570,1.0332000000000001
1580,1.0332000000000001
1590,1.0332000000000001
1600,1.148
1610,1.0906
1620,1.0906
1630,1.148
1640,1.0906
1650,1.148
1660,1.148
1670,1.148
1680,1.2054
1690,1.2054
1700,1.2054
1710,1.2054
1720,1.2054
1730,1.2054
1740,1.2054
1750,1.2628000000000001
1760,1.2628000000000001
1770,1.2628000000000001
1780,1.2628000000000001
1790,1.3776
1800,1.3202
1810,1.3202
1820,1.2628000000000001
1830,1.3202
1840,1.2628000000000001
1850,1.2054
1860,1.0906
1870,0.861
1880,0.63140000000000007
1890,0.1722
1900,-0.3444
1910,-0.9184
1920,-1.435
1930,-1.722
1940,-1.7793999999999999
1950,-1.6071999999999997
1960,-1.2054
1970,-1.2628000000000001
1980,-1.435
1990,-1.435
2000,-1.5498
2010,-1.4924000000000002
2020,-1.6645999999999999
2030,-1.722
2040,-1.6645999999999999
2050,-1.6645999999999999
2060,-1.6071999999999997
2070,-1.6645999999999999
2080,-1.7793999999999999
2090,-1.9516
2100,-1.8942
2110,-1.8368
2120,-1.7793999999999999
2130,-1.9516
2140,-2.0090000000000003
2150,-2.0090000000000003
2160,-1.9516
2170,-1.8942
2180,-1.8368
2190,-1.8368
2200,-1.9516
2210,-1.8368
2220,-1.9516
2230,-1.8942
2240,-2.0664000000000002
2250,-1.7793999999999999
2260,-1.9516
2270,-1.9516
2280,-1.9516
2290,-1.8368
2300,-1.9516
2310,-1.8942
2320,-1.6645999999999999
2330,-1.9516
2340,-2.0664000000000002
2350,-1.8942
2360,-1.8942
2370,-1.722
2380,-1.7793999999999999
2390,-1.6645999999999999
2400,-1.8368
2410,-1.722
2420,-1.8368
2430,-1.8368
2440,-1.8368
2450,-1.6645999999999999
2460,-1.7793999999999999
2470,-1.6071999999999997
2480,-1.7793999999999999
2490,-1.6645999999999999
2500,-1.7793999999999999
2510,-1.6645999999999999
2520,-1.722
2530,-1.6645999999999999
2540,-1.8368
2550,-1.6645999999999999
2560,-1.8368
2570,-1.6645999999999999
2580,-1.8942
2590,-1.6645999999999999
2600,-1.7793999999999999
2610,-1.7793999999999999
2620,-1.8368
2630,-1.6071999999999997
2640,-1.7793999999999999
2650,-1.722
2660,-1.7793999999999999
2670,-1.7793999999999999
2680,-1.8368
2690,-1.7793999999999999
2700,-1.8368
2710,-1.6645999999999999
2720,-1.722
2730,-1.6645999999999999
2740,-1.8368
2750,-1.6645999999999999
2760,-1.7793999999999999
2770,-1.722
2780,-1.7793999999999999
2790,-1.6645999999999999
2800,-1.7793999999999999
2810,-1.6645999999999999
2820,-1.8368
2830,-1.722
2840,-1.7793999999999999
2850,-1.6071999999999997
2860,-1.6645999999999999
2870,-1.722
2880,-1.722
2890,-1.6071999999999997
2900,-1.722
2910,-1.6645999999999999
2920,-1.4924000000000002
2930,-1.3776
2940,-1.3202
2950,-1.6071999999999997
2960,-1.4924000000000002
2970,-1.2628000000000001
2980,-1.3202
2990,-1.435
3000,-1.148
3010,-1.3776
3020,-1.3202
3030,-1.2628000000000001
3040,-1.2628000000000001
3050,-1.0906
3060,-0.9184
3070,-0.9184
3080,-1.0332000000000001
3090,-0.9184
3100,-0.861
3110,-0.9184
3120,-0.9758
3130,-0.861
3140,-0.74620000000000009
3150,-0.74620000000000009
3160,-0.9184
3170,-0.74620000000000009
3180,-0.74620000000000009
3190,-0.861
3200,-0.861
3210,-0.9184
3220,-0.861
3230,-0.74620000000000009
3240,-0.63140000000000007
3250,-0.74620000000000009
3260,-0.80359999999999987
3270,-0.6888
3280,-0.9758
3290,-0.9184
3300,-0.9184
3310,-0.9758
3320,-0.80359999999999987
3330,-0.80359999999999987
3340,-1.0332000000000001
3350,-1.2054
3360,-1.0332000000000001
3370,-0.9758
3380,-0.80359999999999987
3390,-0.9184
3400,-1.0906
3410,-1.148
3420,-1.2054
3430,-1.2628000000000001
3440,-1.2628000000000001
3450,-1.2628000000000001
3460,-1.2628000000000001
3470,-1.3202
3480,-1.3202
3490,-1.3776
3500,-1.3776
3510,-1.3776
3520,-1.435
3530,-1.435
3540,-1.4924000000000002
3550,-1.4924000000000002
3560,-1.4924000000000002
3570,-1.4924000000000002
3580,-1.5498
3590,-1.6071999999999997
3600,-1.6071999999999997
3610,-1.6071999999999997
3620,-1.6071999999999997
3630,-1.6645999999999999
3640,-1.6645999999999999
3650,-1.6645999999999999
3660,-1.6645999999999999
3670,-1.6645999999999999
3680,-1.722
3690,-1.722
3700,-1.722
3710,-1.722
3720,-1.6645999999999999
3730,-1.4924000000000002
3740,-1.2628000000000001
3750,-1.0332000000000001
3760,-0.63140000000000007
3770,-0.1148
3780,0.4592
3790,1.3202
3800,1.6071999999999997
3810,1.6645999999999999
3820,1.4924000000000002
3830,1.2628000000000001
3840,1.2054
3850,1.2054
3860,1.2054
3870,1.3202
3880,1.435
3890,1.6071999999999997
3900,1.5498
3910,1.5498
3920,1.6071999999999997
3930,1.435
3940,1.6071999999999997
3950,1.6645999999999999
3960,1.7793999999999999
3970,1.7793999999999999
3980,1.722
3990,1.6645999999999999
4000,1.7793999999999999
4010,1.8368
4020,2.0090000000000003
4030,1.8942
4040,1.8942
4050,1.8942
4060,1.8368
4070,1.8368
4080,1.8368
4090,1.6645999999999999
4100,1.8942
4110,2.0090000000000003
4120,1.722
4130,1.8368
4140,1.8368
4150,1.8942
4160,1.722
4170,1.8942
4180,1.8942
4190,1.722
4200,1.8942
4210,2.0090000000000003
4220,1.6645999999999999
4230,1.6645999999999999
4240,1.5498
4250,1.6071999999999997
4260,1.6071999999999997
4270,1.722
4280,1.722
4290,1.7793999999999999
4300,1.6071999999999997
4310,1.722
4320,1.5498
4330,1.6645999999999999
4340,1.6071999999999997
4350,1.6645999999999999
4360,1.5498
4370,1.6645999999999999
4380,1.5498
4390,1.722
4400,1.6071999999999997
4410,1.722
4420,1.6071999999999997
4430,1.722
4440,1.6645999999999999
4450,1.722
4460,1.6071999999999997
4470,1.8368
4480,1.722
4490,1.8368
4500,1.6071999999999997
4510,1.722
4520,1.6071999999999997
4530,1.722
4540,1.6645999999999999
4550,1.722
4560,1.5498
4570,1.8368
4580,1.722
4590,1.722
4600,1.5498
4610,1.6645999999999999
4620,1.6071999999999997
4630,1.722
4640,1.6071999999999997
4650,1.722
4660,1.5498
4670,1.8368
4680,1.6645999999999999
4690,1.8368
4700,1.6071999999999997
4710,1.6645999999999999
4720,1.5498
4730,1.6071999999999997
4740,1.6071999999999997
4750,1.6645999999999999
4760,1.4924000000000002
4770,1.722
4780,1.5498
4790,1.435
4800,1.3202
4810,1.2054
4820,1.3776
4830,1.435
4840,1.148
4850,1.3202
4860,1.2628000000000001
4870,1.148
4880,1.2054
4890,1.148
4900,1.2054
4910,1.2054
4920,0.9758
4930,0.861
4940,0.80359999999999987
4950,0.9184
4960,0.80359999999999987
4970,0.74620000000000009
4980,0.861
4990,0.9184
5000,0.6888
5010,0.6888
5020,0.80359999999999987
5030,0.80359999999999987
5040,0.6888
5050,0.80359999999999987
5060,0.80359999999999987
5070,0.80359999999999987
5080,0.861
5090,0.9758
5100,0.6888
5110,0.63140000000000007
5120,0.6888
5130,0.6888
5140,0.63140000000000007
5150,0.9758
5160,0.80359999999999987
5170,0.80359999999999987
5180,0.9184
5190,0.74620000000000009
5200,0.861
5210,1.0906
5220,1.2054
5230,1.148
5240,0.861
5250,0.6888
5260,0.6888
5270,0.80359999999999987
5280,0.9758
5290,1.0332000000000001
5300,1.0332000000000001
5310,1.0332000000000001
5320,1.0332000000000001
5330,1.0332000000000001
5340,1.0906
5350,1.0906
5360,1.0332000000000001
5370,1.0906
5380,1.0906
5390,1.0906
5400,1.148
5410,1.148
5420,1.148
5430,1.2054
5440,1.2054
5450,1.2054
5460,1.2054
5470,1.2054
5480,1.2054
5490,1.2628000000000001
5500,1.2628000000000001
5510,1.2628000000000001
5520,1.2628000000000001
5530,1.2628000000000001
5540,1.2628000000000001
5550,1.3202
5560,1.2628000000000001
5570,1.3202
5580,1.2628000000000001
5590,1.2054
5600,1.0332000000000001
5610,0.861
5620,0.63140000000000007
5630,0.1722
5640,-0.287
5650,-0.9184
5660,-1.3776
5670,-1.6645999999999999
5680,-1.8368
5690,-1.6071999999999997
5700,-1.148
5710,-1.3202
5720,-1.3202
5730,-1.435
5740,-1.5498
5750,-1.6071999999999997
5760,-1.6645999999999999
5770,-1.6071999999999997
5780,-1.5498
5790,-1.722
5800,-1.6071999999999997
5810,-1.6645999999999999
5820,-1.7793999999999999
5830,-1.9516
5840,-1.9516
5850,-1.8368
5860,-1.722
5870,-1.8942
5880,-2.0090000000000003
5890,-2.0664000000000002
5900,-1.9516
5910,-1.8942
5920,-1.8368
5930,-1.8942
5940,-1.9516
5950,-1.8368
5960,-1.8368
5970,-2.0090000000000003
5980,-2.1238
5990,-1.8942
6000,-1.8942
6010,-1.8942
6020,-1.8942
6030,-1.722
6040,-1.9516
6050,-1.8368
6060,-1.722
6070,-1.9516
6080,-2.0664000000000002
6090,-1.8368
6100,-1.722
6110,-1.6645999999999999
6120,-1.7793999999999999
6130,-1.6071999999999997
6140,-1.8368
6150,-1.7793999999999999
6160,-1.7793999999999999
6170,-1.7793999999999999
6180,-1.7793999999999999
6190,-1.6645999999999999
6200,-1.8368
6210,-1.6071999999999997
6220,-1.7793999999999999
6230,-1.7793999999999999
6240,-1.7793999999999999
6250,-1.6645999999999999
6260,-1.8368
6270,-1.6645999999999999
6280,-1.8368
6290,-1.8368
6300,-1.8942
6310,-1.6645999999999999
6320,-1.7793999999999999
6330,-1.7793999999999999
6340,-1.7793999999999999
6350,-1.6645999999999999
6360,-1.8368
6370,-1.6645999999999999
6380,-1.7793999999999999
6390,-1.7793999999999999
6400,-1.7793999999999999
6410,-1.722
6420,-1.8942
6430,-1.722
6440,-1.8368
6450,-1.6645999999999999
6460,-1.7793999999999999
6470,-1.6645999999999999
6480,-1.8368
6490,-1.7793999999999999
6500,-1.7793999999999999
6510,-1.6645999999999999
6520,-1.8368
6530,-1.6645999999999999
6540,-1.7793999999999999
6550,-1.7793999999999999
6560,-1.7793999999999999
6570,-1.7793999999999999
6580,-1.7793999999999999
6590,-1.6071999999999997
6600,-1.7793999999999999
6610,-1.6645999999999999
6620,-1.8368
6630,-1.6645999999999999
6640,-1.722
6650,-1.6645999999999999
6660,-1.4924000000000002
6670,-1.3202
6680,-1.3202
6690,-1.6071999999999997
6700,-1.5498
6710,-1.2628000000000001
6720,-1.3202
6730,-1.3202
6740,-1.2054
6750,-1.3776
6760,-1.2054
6770,-1.2054
6780,-1.2628000000000001
6790,-1.148
6800,-0.9184
6810,-0.9184
6820,-1.0906
6830,-0.9184
6840,-0.9184
6850,-1.0332000000000001
6860,-1.0332000000000001
6870,-0.80359999999999987
6880,-0.6888
6890,-0.80359999999999987
6900,-0.861
6910,-0.74620000000000009
6920,-0.74620000000000009
6930,-0.861
6940,-0.861
6950,-0.80359999999999987
6960,-0.9758
6970,-0.74620000000000009
6980,-0.6888
6990,-0.6888
7000,-0.80359999999999987
7010,-0.6888
7020,-1.0332000000000001
7030,-0.9184
7040,-0.9758
7050,-0.9758
7060,-0.74620000000000009
7070,-0.861
7080,-1.0906
7090,-1.148
7100,-1.0906
7110,-0.9184
7120,-0.861
7130,-0.9184
7140,-1.0906
7150,-1.2054
7160,-1.2628000000000001
7170,-1.2628000000000001
7180,-1.2628000000000001
7190,-1.3202
7200,-1.3776
7210,-1.3202
7220,-1.3202
7230,-1.3776
7240,-1.435
7250,-1.435
7260,-1.435
7270,-1.4924000000000002
7280,-1.4924000000000002
7290,-1.4924000000000002
7300,-1.5498
7310,-1.5498
7320,-1.6071999999999997
7330,-1.6071999999999997
7340,-1.6071999999999997
7350,-1.6071999999999997
7360,-1.6071999999999997
7370,-1.6645999999999999
7380,-1.6645999999999999
7390,-1.6645999999999999
7400,-1.722
7410,-1.722
7420,-1.722
7430,-1.7793999999999999
7440,-1.7793999999999999
7450,-1.722
7460,-1.6645999999999999
7470,-1.5498
7480,-1.3776
7490,-1.0332000000000001
7500,-0.6888
7510,-0.1148
7520,0.4592
7530,1.2628000000000001
7540,1.6071999999999997
7550,1.6645999999999999
7560,1.6071999999999997
7570,1.2628000000000001
7580,1.148
7590,1.2628000000000001
7600,1.0906
7610,1.3202
7620,1.3776
7630,1.5498
7640,1.5498
7650,1.4924000000000002
7660,1.6071999999999997
7670,1.4924000000000002
7680,1.5498
7690,1.6071999999999997
7700,1.7793999999999999
7710,1.7793999999999999
7720,1.722
7730,1.6645999999999999
7740,1.8942
7750,1.8942
7760,2.0664000000000002
7770,1.8942
7780,1.8942
7790,1.8368
7800,1.7793999999999999
7810,1.8942
7820,1.8368
7830,1.6071999999999997
7840,1.8942
7850,2.0090000000000003
7860,1.722
7870,1.9516
7880,1.8368
7890,1.8942
7900,1.722
7910,1.9516
7920,1.7793999999999999
7930,1.6645999999999999
7940,1.8942
7950,1.9516
7960,1.6645999999999999
7970,1.6645999999999999
7980,1.6071999999999997
7990,1.6645999999999999
8000,1.5498
8010,1.722
8020,1.6645999999999999
8030,1.722
8040,1.5498
8050,1.6645999999999999
8060,1.6071999999999997
8070,1.6645999999999999
8080,1.5498
8090,1.6645999999999999
8100,1.4924000000000002
8110,1.6645999999999999
8120,1.6071999999999997
8130,1.8368
8140,1.6071999999999997
8150,1.6645999999999999
8160,1.5498
8170,1.722
8180,1.6645999999999999
8190,1.6645999999999999
8200,1.5498
8210,1.8368
8220,1.722
8230,1.722
8240,1.5498
8250,1.722
8260,1.6071999999999997
8270,1.722
8280,1.6071999999999997
8290,1.722
8300,1.722
8310,1.8368
8320,1.6071999999999997
8330,1.722
8340,1.6645999999999999
8350,1.6645999999999999
8360,1.5498
8370,1.6645999999999999
8380,1.5498
8390,1.722
8400,1.6645999999999999
8410,1.722
8420,1.6071999999999997
8430,1.722
8440,1.4924000000000002
8450,1.6645999999999999
8460,1.5498
8470,1.6071999999999997
8480,1.4924000000000002
8490,1.6645999999999999
8500,1.435
8510,1.6645999999999999
8520,1.5498
8530,1.435
8540,1.2628000000000001
8550,1.2054
8560,1.3776
8570,1.435
8580,1.2054
8590,1.3202
8600,1.3202
8610,1.0906
8620,1.2628000000000001
8630,1.2054
8640,1.148
8650,1.2054
8660,1.0906
8670,0.861
8680,0.9184
8690,0.9184
8700,0.74620000000000009
8710,0.74620000000000009
8720,0.861
8730,0.9758
8740,0.6888
8750,0.6888
8760,0.80359999999999987
8770,0.80359999999999987
8780,0.6888
8790,0.80359999999999987
8800,0.74620000000000009
8810,0.861
8820,0.861
8830,0.9758
8840,0.6888
8850,0.63140000000000007
8860,0.74620000000000009
8870,0.6888
8880,0.63140000000000007
8890,1.0332000000000001
8900,0.9184
8910,0.80359999999999987
8920,0.9184
8930,0.80359999999999987
8940,0.9184
8950,1.0906
8960,1.2628000000000001
8970,1.2054
8980,0.9184
8990,0.74620000000000009
9000,0.74620000000000009
9010,0.9184
9020,1.0332000000000001
9030,1.0906
9040,1.0906
9050,1.0332000000000001
9060,1.0332000000000001
9070,1.0332000000000001
9080,1.148
9090,1.0906
9100,1.0906
9110,1.0906
9120,1.148
9130,1.148
9140,1.148
9150,1.148
9160,1.2054
9170,1.2054
9180,1.2054
9190,1.2054
9200,1.2054
9210,1.2628000000000001
9220,1.2628000000000001
9230,1.2628000000000001
9240,1.2628000000000001
9250,1.2628000000000001
9260,1.2628000000000001
9270,1.2628000000000001
9280,1.2628000000000001
9290,1.3776
9300,1.3202
9310,1.3202
9320,1.3202
9330,1.2054
9340,1.0906
9350,0.861
9360,0.63140000000000007
9370,0.2296
9380,-0.287
9390,-0.9184
9400,-1.435
9410,-1.722
9420,-1.8368
9430,-1.6071999999999997
9440,-1.2054
9450,-1.2628000000000001
9460,-1.3202
9470,-1.3202
9480,-1.435
9490,-1.4924000000000002
9500,-1.6645999999999999
9510,-1.7793999999999999
9520,-1.5498
9530,-1.722
9540,-1.6071999999999997
9550,-1.6071999999999997
9560,-1.722
9570,-1.8942
9580,-1.8368
9590,-1.8942
9600,-1.722
9610,-1.9516
9620,-2.0664000000000002
9630,-2.0664000000000002
9640,-1.8368
9650,-1.8368
9660,-1.8368
9670,-1.9516
9680,-2.0090000000000003
9690,-1.8368
9700,-1.6645999999999999
9710,-1.8942
9720,-2.0664000000000002
9730,-1.8368
9740,-2.0090000000000003
9750,-2.0664000000000002
9760,-2.0664000000000002
9770,-1.8942
9780,-2.1238
9790,-1.8368
9800,-1.6071999999999997
9810,-1.8368
9820,-1.8942
9830,-1.6071999999999997
9840,-1.5498
9850,-1.4924000000000002
9860,-1.4924000000000002
9870,-1.435
9880,-1.6071999999999997
9890,-1.6071999999999997
9900,-1.6071999999999997
9910,-1.5498
9920,-1.6645999999999999
9930,-1.4924000000000002
9940,-1.722
9950,-1.4924000000000002
9960,-1.6645999999999999
9970,-1.6071999999999997
9980,-1.6645999999999999
9990,-1.5498
10000,-1.6071999999999997
10010,-1.5498
10020,-1.7793999999999999
10030,-1.6645999999999999
10040,-1.722
10050,-1.6645999999999999
10060,-1.7793999999999999
10070,-1.722
10080,-1.6645999999999999
10090,-1.6645999999999999
10100,-1.7793999999999999
10110,-1.722
10120,-1.7793999999999999
10130,-1.722
10140,-1.7793999999999999
10150,-1.7793999999999999
10160,-1.7793999999999999
10170,-1.6645999999999999
10180,-1.7793999999999999
10190,-1.722
10200,-1.7793999999999999
10210,-1.6645999999999999
10220,-1.8942
10230,-1.7793999999999999
10240,-1.9516
10250,-1.722
10260,-1.8942
10270,-1.6645999999999999
10280,-1.7793999999999999
10290,-1.7793999999999999
10300,-1.8368
10310,-1.7793999999999999
10320,-1.8368
10330,-1.7793999999999999
10340,-1.7793999999999999
10350,-1.7793999999999999
10360,-1.8942
10370,-1.722
10380,-1.8368
10390,-1.722
10400,-1.6645999999999999
10410,-1.4924000000000002
10420,-1.3776
10430,-1.6645999999999999
10440,-1.6071999999999997
10450,-1.2628000000000001
10460,-1.3776
10470,-1.3202
10480,-1.0906
10490,-1.3202
10500,-1.2054
10510,-1.148
10520,-1.3202
10530,-1.148
10540,-0.9758
10550,-0.9184
10560,-0.80359999999999987
10570,-0.80359999999999987
10580,-0.9184
10590,-1.0332000000000001
10600,-0.9758
10610,-0.74620000000000009
10620,-0.6888
10630,-0.861
10640,-0.80359999999999987
10650,-0.74620000000000009
10660,-0.74620000000000009
10670,-0.861
10680,-0.861
10690,-0.9758
10700,-0.9184
10710,-0.80359999999999987
10720,-0.6888
10730,-0.6888
10740,-0.80359999999999987
10750,-0.74620000000000009
10760,-0.9758
10770,-0.9758
10780,-0.9758
10790,-1.0906
10800,-0.80359999999999987
10810,-0.80359999999999987
10820,-0.9758
10830,-1.148
10840,-1.0332000000000001
10850,-0.9184
10860,-0.861
10870,-0.9184
10880,-1.0906
10890,-1.2054
10900,-1.2628000000000001
10910,-1.2628000000000001
10920,-1.2628000000000001
10930,-1.3202
10940,-1.3202
10950,-1.3202
10960,-1.3776
10970,-1.3776
10980,-1.435
10990,-1.435
11000,-1.435
11010,-1.4924000000000002
11020,-1.4924000000000002
11030,-1.4924000000000002
11040,-1.5498
11050,-1.5498
11060,-1.5498
11070,-1.5498
11080,-1.6071999999999997
11090,-1.6645999999999999
11100,-1.6071999999999997
11110,-1.6645999999999999
11120,-1.6645999999999999
11130,-1.6645999999999999
11140,-1.7793999999999999
11150,-1.722
11160,-1.7793999999999999
11170,-1.7793999999999999
11180,-1.7793999999999999
11190,-1.722
11200,-1.6645999999999999
11210,-1.4924000000000002
11220,-1.3776
11230,-1.0906
11240,-0.63140000000000007
11250,-0.0574
11260,0.51660000000000006
11270,1.3202
11280,1.6071999999999997
11290,1.6645999999999999
11300,1.5498
11310,1.2628000000000001
11320,1.2054
11330,1.2628000000000001
11340,1.148
11350,1.3202
11360,1.2628000000000001
11370,1.5498
11380,1.4924000000000002
11390,1.4924000000000002
11400,1.5498
11410,1.5498
11420,1.5498
11430,1.6645999999999999
11440,1.8368
11450,1.7793999999999999
11460,1.6071999999999997
11470,1.722
11480,1.8942
11490,1.8368
11500,2.0664000000000002
11510,1.8368
11520,1.8942
11530,1.8942
11540,1.8368
11550,1.8368
11560,1.8368
11570,1.6645999999999999
11580,1.8368
11590,2.0090000000000003
11600,1.6071999999999997
11610,1.9516
11620,1.7793999999999999
11630,2.0090000000000003
11640,1.722
11650,1.8942
11660,1.8368
11670,1.722
11680,1.8942
11690,1.8942
11700,1.722
11710,1.6645999999999999
11720,1.6645999999999999
11730,1.5498
11740,1.6071999999999997
11750,1.722
11760,1.6645999999999999
11770,1.7793999999999999
11780,1.5498
11790,1.6645999999999999
11800,1.6071999999999997
11810,1.6645999999999999
11820,1.6071999999999997
11830,1.6645999999999999
11840,1.4924000000000002
11850,1.6645999999999999
11860,1.6645999999999999
11870,1.722
11880,1.6071999999999997
11890,1.6645999999999999
11900,1.6071999999999997
11910,1.722
11920,1.6071999999999997
11930,1.722
11940,1.6071999999999997
11950,1.8368
11960,1.6071999999999997
11970,1.722
11980,1.722
11990,1.722
12000,1.6071999999999997
12010,1.8368
12020,1.6071999999999997
12030,1.6645999999999999
12040,1.5498
12050,1.7793999999999999
12060,1.722
12070,1.7793999999999999
12080,1.6071999999999997
12090,1.722
12100,1.6071999999999997
12110,1.722
12120,1.6071999999999997
12130,1.722
12140,1.722
12150,1.8368
12160,1.722
12170,1.722
12180,1.6071999999999997
12190,1.6071999999999997
12200,1.5498
12210,1.6645999999999999
12220,1.5498
12230,1.6071999999999997
12240,1.435
12250,1.6645999999999999
12260,1.5498
12270,1.3776
12280,1.3202
12290,1.2054
12300,1.3202
12310,1.435
12320,1.2054
12330,1.2628000000000001
12340,1.3202
12350,1.0906
12360,1.2628000000000001
12370,1.2054
12380,1.0906
12390,1.2054
12400,1.0332000000000001
12410,0.861
12420,0.80359999999999987
12430,0.861
12440,0.74620000000000009
12450,0.74620000000000009
12460,0.861
12470,0.9758
12480,0.6888
12490,0.74620000000000009
12500,0.861
12510,0.80359999999999987
12520,0.6888
12530,0.80359999999999987
12540,0.80359999999999987
12550,0.80359999999999987
12560,0.861
12570,0.9758
12580,0.6888
12590,0.63140000000000007
12600,0.74620000000000009
12610,0.6888
12620,0.6888
12630,1.0332000000000001
12640,0.9184
12650,0.80359999999999987
12660,0.9184
12670,0.861
12680,0.80359999999999987
12690,1.0906
12700,1.2628000000000001
12710,1.148
12720,0.9758
12730,0.74620000000000009
12740,0.6888
12750,0.861
12760,1.0332000000000001
12770,1.0332000000000001
12780,1.0332000000000001
12790,1.0332000000000001
12800,1.0332000000000001
12810,1.0332000000000001
12820,1.0332000000000001
12830,1.0906
12840,1.0906
12850,1.148
12860,1.0906
12870,1.148
12880,1.148
12890,1.148
12900,1.148
12910,1.148
12920,1.2054
12930,1.2054
12940,1.2054
12950,1.2628000000000001
12960,1.2628000000000001
12970,1.2628000000000001
12980,1.2628000000000001
12990,1.2628000000000001
13000,1.3202
13010,1.2628000000000001
13020,1.2628000000000001
13030,1.3202
13040,1.3202
13050,1.3202
13060,1.2628000000000001
13070,1.2054
13080,1.0906
13090,0.9184
13100,0.63140000000000007
13110,0.1722
13120,-0.287
13130,-0.9184
13140,-1.3776
13150,-1.722
13160,-1.8368
13170,-1.6071999999999997
13180,-1.2054
13190,-1.2628000000000001
13200,-1.3776
13210,-1.435
13220,-1.5498
13230,-1.5498
13240,-1.6645999999999999
13250,-1.7793999999999999
13260,-1.5498
13270,-1.6645999999999999
13280,-1.6645999999999999
13290,-1.6645999999999999
13300,-1.7793999999999999
13310,-1.9516
13320,-1.8942
13330,-1.8942
13340,-1.722
13350,-2.0090000000000003
13360,-2.0664000000000002
13370,-2.0090000000000003
13380,-1.9516
13390,-1.8942
13400,-1.8368
13410,-1.9516
13420,-2.0090000000000003
13430,-1.8942
13440,-1.8368
13450,-2.0090000000000003
13460,-2.1238
13470,-1.7793999999999999
13480,-1.9516
13490,-1.8942
13500,-1.8942
13510,-1.7793999999999999
13520,-1.8942
13530,-1.8942
13540,-1.7793999999999999
13550,-1.9516
13560,-2.0664000000000002
13570,-1.7793999999999999
13580,-1.7793999999999999
13590,-1.6071999999999997
13600,-1.722
13610,-1.6071999999999997
13620,-1.8368
13630,-1.722
13640,-1.7793999999999999
13650,-1.6645999999999999
13660,-1.8368
13670,-1.6645999999999999
13680,-1.8942
13690,-1.6071999999999997
13700,-1.722
13710,-1.7793999999999999
13720,-1.8368
13730,-1.6645999999999999
13740,-1.722
13750,-1.6645999999999999
13760,-1.8368
13770,-1.6645999999999999
13780,-1.8368
13790,-1.6645999999999999
13800,-1.8942
13810,-1.722
13820,-1.722
13830,-1.6645999999999999
13840,-1.722
13850,-1.6645999999999999
13860,-1.8942
13870,-1.7793999999999999
13880,-1.7793999999999999
13890,-1.6645999999999999
13900,-1.7793999999999999
13910,-1.6645999999999999
13920,-1.8368
13930,-1.6645999999999999
13940,-1.7793999999999999
13950,-1.6645999999999999
13960,-1.7793999999999999
13970,-1.6645999999999999
13980,-1.7793999999999999
13990,-1.6645999999999999
14000,-1.8368
14010,-1.7793999999999999
14020,-1.722
14030,-1.6645999999999999
14040,-1.8942
14050,-1.722
14060,-1.7793999999999999
14070,-1.6071999999999997
14080,-1.6645999999999999
14090,-1.6645999999999999
14100,-1.6645999999999999
14110,-1.6645999999999999
14120,-1.722
14130,-1.6645999999999999
14140,-1.5498
14150,-1.3776
14160,-1.2628000000000001
14170,-1.6071999999999997
14180,-1.4924000000000002
14190,-1.2628000000000001
14200,-1.3202
14210,-1.3776
14220,-1.2054
14230,-1.3776
14240,-1.3202
14250,-1.2054
14260,-1.2628000000000001
14270,-1.2054
14280,-0.9758
14290,-0.9184
14300,-1.0332000000000001
14310,-0.9184
14320,-0.861
14330,-0.9184
14340,-0.9184
14350,-0.861
14360,-0.6888
14370,-0.80359999999999987
14380,-0.80359999999999987
14390,-0.74620000000000009
14400,-0.74620000000000009
14410,-0.861
14420,-0.861
14430,-0.861
14440,-0.9184
14450,-0.80359999999999987
14460,-0.74620000000000009
14470,-0.6888
14480,-0.80359999999999987
14490,-0.74620000000000009
14500,-0.9758
14510,-0.9184
14520,-0.9758
14530,-1.0906
14540,-0.861
14550,-0.80359999999999987
14560,-1.0906
14570,-1.2054
14580,-1.148
14590,-0.861
14600,-0.80359999999999987
14610,-0.9184
14620,-1.0906
14630,-1.2054
14640,-1.2628000000000001
14650,-1.2628000000000001
14660,-1.3202
14670,-1.2628000000000001
14680,-1.2628000000000001
14690,-1.3202
14700,-1.3776
14710,-1.3776
14720,-1.435
14730,-1.3776
14740,-1.435
